{"cameraMode":{"drawMode":0,"name":"Shaded","section":"Shading Mode"},"sceneLighting":false,"audioPlay":false,"sceneViewState":{"m_AlwaysRefresh":false,"showFog":true,"showSkybox":false,"showFlares":true,"showImageEffects":true,"showParticleSystems":true,"showVisualEffectGraphs":true,"m_FxEnabled":true},"in2DMode":false,"pivot":{"x":142.80709838867188,"y":226.93504333496095,"z":-867.3244018554688},"rotation":{"x":0.14164769649505616,"y":0.11556416004896164,"z":-0.016677821055054666,"w":0.9830393195152283},"size":4.921840667724609,"orthographic":false}