{"cameraMode":{"drawMode":0,"name":"Shaded","section":"Shading Mode"},"sceneLighting":false,"audioPlay":false,"sceneViewState":{"m_AlwaysRefresh":false,"showFog":true,"showSkybox":false,"showFlares":true,"showImageEffects":true,"showParticleSystems":true,"showVisualEffectGraphs":true,"m_FxEnabled":true},"in2DMode":false,"pivot":{"x":117.82828521728516,"y":223.15155029296876,"z":-840.4938354492188},"rotation":{"x":0.1189742460846901,"y":-0.14833614230155946,"z":0.017954016104340555,"w":0.9816232323646545},"size":12.012969970703125,"orthographic":false}