{"cameraMode":{"drawMode":0,"name":"Shaded","section":"Shading Mode"},"sceneLighting":false,"audioPlay":false,"sceneViewState":{"m_AlwaysRefresh":false,"showFog":true,"showSkybox":false,"showFlares":true,"showImageEffects":true,"showParticleSystems":true,"showVisualEffectGraphs":true,"m_FxEnabled":true},"in2DMode":false,"pivot":{"x":249.1999969482422,"y":24.299999237060548,"z":-2204.39990234375},"rotation":{"x":0.0992882177233696,"y":-0.056666672229766849,"z":0.005637514404952526,"w":0.9934601187705994},"size":18.303192138671876,"orthographic":false}