{"cameraMode":{"drawMode":0,"name":"Shaded","section":"Shading Mode"},"sceneLighting":true,"audioPlay":false,"sceneViewState":{"m_AlwaysRefresh":false,"showFog":true,"showSkybox":true,"showFlares":true,"showImageEffects":true,"showParticleSystems":true,"showVisualEffectGraphs":true,"m_FxEnabled":true},"in2DMode":false,"pivot":{"x":232.8444366455078,"y":101.4284439086914,"z":-1000.0288696289063},"rotation":{"x":0.04193601384758949,"y":-0.05450225993990898,"z":0.0022949492558836939,"w":0.9976649880409241},"size":4.678167343139648,"orthographic":false}