{"cameraMode":{"drawMode":0,"name":"Shaded","section":"Shading Mode"},"sceneLighting":true,"audioPlay":false,"sceneViewState":{"m_AlwaysRefresh":false,"showFog":true,"showSkybox":true,"showFlares":true,"showImageEffects":true,"showParticleSystems":true,"showVisualEffectGraphs":true,"m_FxEnabled":true},"in2DMode":false,"pivot":{"x":10.515802383422852,"y":96.03791809082031,"z":-669.9264526367188},"rotation":{"x":-0.012413925491273404,"y":0.27019184827804568,"z":0.0034715295769274236,"w":0.9627398252487183},"size":1.0317552089691163,"orthographic":false}