{"cameraMode":{"drawMode":0,"name":"Shaded","section":"Shading Mode"},"sceneLighting":true,"audioPlay":false,"sceneViewState":{"m_AlwaysRefresh":false,"showFog":true,"showSkybox":true,"showFlares":true,"showImageEffects":true,"showParticleSystems":true,"showVisualEffectGraphs":true,"m_FxEnabled":true},"in2DMode":false,"pivot":{"x":35.67965316772461,"y":279.41375732421877,"z":-207.5347137451172},"rotation":{"x":0.12488815933465958,"y":0.43559205532073977,"z":-0.06116873398423195,"w":0.8893830180168152},"size":11.735918045043946,"orthographic":false}